INSERT INTO test.division( division_id, division_name ) VALUES ( 1, 'ORTHOCARE' ); 
INSERT INTO test.doctordetails( id, doctor_name, mr_name, mr_hq, asm_name, region, division, mode_of_disbursement, month, amount, sponsorship, avg_per_month_business_from doctor, avg_per_month_business ) VALUES ( 1, 'Eshwar', 'Nana', 'Hyd', 'Devi', 'Telangana', 'Ortho', 'Cheque', 'Jan', '100000', 'Yes', '2000', '5000' ); 
INSERT INTO test.hibernate_sequence( next_val ) VALUES ( 1 ); 
INSERT INTO test.hibernate_sequence( next_val ) VALUES ( 1 ); 
INSERT INTO test.location( id, region, state ) VALUES ( 1, '1', 'Jan' ); 
INSERT INTO test.location( id, region, state ) VALUES ( 2, '2', 'Feb' ); 
INSERT INTO test.location( id, region, state ) VALUES ( 3, '3', 'March' ); 
INSERT INTO test.location( id, region, state ) VALUES ( 4, '4', 'April' ); 
INSERT INTO test.location( id, region, state ) VALUES ( 5, '5', 'May' ); 
INSERT INTO test.location( id, region, state ) VALUES ( 6, '6', 'June' ); 
INSERT INTO test.location( id, region, state ) VALUES ( 7, '6', 'June' ); 
INSERT INTO test.login( id, password, username ) VALUES ( 1, 'eshwar123', 'eshwar' ); 
INSERT INTO test.login( id, password, username ) VALUES ( 8, 'eshwar123', 'eshwar' ); 
INSERT INTO test.login( id, password, username ) VALUES ( 9, 'eshwar123', 'eshwar' ); 
INSERT INTO test.login( id, password, username ) VALUES ( 10, 'Eswar123$', 'eshwar' ); 
INSERT INTO test.medicine( medicine_id, medicine_name, medicine_price ) VALUES ( 1, 'COMBIFLAM', 11.5 ); 
INSERT INTO test.medicine( medicine_id, medicine_name, medicine_price ) VALUES ( 2, 'DIGINE', 50.12 ); 
INSERT INTO test.medicine( medicine_id, medicine_name, medicine_price ) VALUES ( 3, 'DURCOLEX', 20.0 ); 
INSERT INTO test.medicine( medicine_id, medicine_name, medicine_price ) VALUES ( 4, 'SARADON', 16.78 ); 
INSERT INTO test.role( role_id, role_name, role_abbr ) VALUES ( 4, 'MEDICAL REPRESENTATIVE', 'MR' ); 
INSERT INTO test.role( role_id, role_name, role_abbr ) VALUES ( 5, 'TRAINEE MEDICAL REPRESENTATIVE', 'TMR' ); 
INSERT INTO test.role( role_id, role_name, role_abbr ) VALUES ( 6, 'ASSISTANT SALES MANAGER', 'ASM' ); 
INSERT INTO test.role( role_id, role_name, role_abbr ) VALUES ( 7, 'ADMINISTRATOR', 'ADMIN' ); 
INSERT INTO test.sponsorship( sponsorship_id, sponsorship_nature ) VALUES ( 2, 'CHEQUE' ); 
INSERT INTO test.sponsorship( sponsorship_id, sponsorship_nature ) VALUES ( 3, 'CASH' ); 
INSERT INTO test.state( state_id, state_name ) VALUES ( 13, 'ASSAM' ); 
INSERT INTO test.state( state_id, state_name ) VALUES ( 14, 'BIHAR' ); 
INSERT INTO test.state( state_id, state_name ) VALUES ( 15, 'JHARKHAND' ); 
INSERT INTO test.state( state_id, state_name ) VALUES ( 16, 'ORISSA' ); 
INSERT INTO test.state( state_id, state_name ) VALUES ( 17, 'UTTAR PRADESH' ); 
INSERT INTO test.state( state_id, state_name ) VALUES ( 18, 'WEST BENGAL' ); 
INSERT INTO test.`user`( user_id, role_id, username, password, division_id, state_id, headquarter_id, doctor_id, reporting_to ) VALUES ( 1, 4, 'eshwar', 'eshwar123', 1, 13, 4, 1, 1 ); 
INSERT INTO test.`user`( user_id, role_id, username, password, division_id, state_id, headquarter_id, doctor_id, reporting_to ) VALUES ( 6, 4, 'pillieshwar', 'a', 1, 3, 1, 2, 1 ); 
INSERT INTO test.`user`( user_id, role_id, username, password, division_id, state_id, headquarter_id, doctor_id, reporting_to ) VALUES ( 7, 4, 'eshwar', 'eshwar', 3, 3, 1, 1, 2 ); 
INSERT INTO test.`user`( user_id, role_id, username, password, division_id, state_id, headquarter_id, doctor_id, reporting_to ) VALUES ( 8, 4, 'eshwar', 'a', 1, 3, 1, 3, 2 ); 
INSERT INTO test.`user`( user_id, role_id, username, password, division_id, state_id, headquarter_id, doctor_id, reporting_to ) VALUES ( 9, 4, 'a', 'a', 1, 1, 2, 1, 1 ); 
INSERT INTO test.`user`( user_id, role_id, username, password, division_id, state_id, headquarter_id, doctor_id, reporting_to ) VALUES ( 10, 6, 'q', 'q', 1, 13, 4, 3, 1 ); 
INSERT INTO test.`user`( user_id, role_id, username, password, division_id, state_id, headquarter_id, doctor_id, reporting_to ) VALUES ( 12, 6, 'z', 'z', 1, 9999, 0, 1, 1 ); 
INSERT INTO test.`user`( user_id, role_id, username, password, division_id, state_id, headquarter_id, doctor_id, reporting_to ) VALUES ( 13, 7, 'admin', 'admin', 1, 9999, 0, 1, 1 ); 
INSERT INTO test.headquarter( headquarter_id, headquarter_name, state_id ) VALUES ( 4, 'GUWAHATI', 13 ); 
INSERT INTO test.headquarter( headquarter_id, headquarter_name, state_id ) VALUES ( 5, 'NALBARI', 13 ); 
INSERT INTO test.headquarter( headquarter_id, headquarter_name, state_id ) VALUES ( 6, 'BONGAIGAON', 13 ); 
INSERT INTO test.headquarter( headquarter_id, headquarter_name, state_id ) VALUES ( 7, 'IMPHAL', 13 ); 
INSERT INTO test.headquarter( headquarter_id, headquarter_name, state_id ) VALUES ( 8, 'DIMAPUR', 13 ); 
INSERT INTO test.headquarter( headquarter_id, headquarter_name, state_id ) VALUES ( 9, 'TEZPUR', 13 ); 
INSERT INTO test.headquarter( headquarter_id, headquarter_name, state_id ) VALUES ( 10, 'NAGAON', 13 ); 
INSERT INTO test.headquarter( headquarter_id, headquarter_name, state_id ) VALUES ( 11, 'SILCHAR', 13 ); 
INSERT INTO test.headquarter( headquarter_id, headquarter_name, state_id ) VALUES ( 12, 'AGARTALA', 13 ); 
INSERT INTO test.headquarter( headquarter_id, headquarter_name, state_id ) VALUES ( 13, 'AIZWAL', 13 ); 
INSERT INTO test.headquarter( headquarter_id, headquarter_name, state_id ) VALUES ( 14, 'DIBRUGARH', 13 ); 
INSERT INTO test.headquarter( headquarter_id, headquarter_name, state_id ) VALUES ( 15, 'JORHAT', 13 ); 
INSERT INTO test.headquarter( headquarter_id, headquarter_name, state_id ) VALUES ( 16, 'LAKHIMPUR', 13 ); 
INSERT INTO test.headquarter( headquarter_id, headquarter_name, state_id ) VALUES ( 17, 'RANCHI', 15 ); 
INSERT INTO test.headquarter( headquarter_id, headquarter_name, state_id ) VALUES ( 18, 'JAMSHEDPUR', 15 ); 
INSERT INTO test.headquarter( headquarter_id, headquarter_name, state_id ) VALUES ( 19, 'DTG', 15 ); 
INSERT INTO test.headquarter( headquarter_id, headquarter_name, state_id ) VALUES ( 20, 'DALTONGANJ', 15 ); 
INSERT INTO test.headquarter( headquarter_id, headquarter_name, state_id ) VALUES ( 21, 'DHANBAD', 15 ); 
INSERT INTO test.headquarter( headquarter_id, headquarter_name, state_id ) VALUES ( 22, 'GIRIDIH', 15 ); 
INSERT INTO test.headquarter( headquarter_id, headquarter_name, state_id ) VALUES ( 23, 'DEOGHAR', 15 ); 
INSERT INTO test.headquarter( headquarter_id, headquarter_name, state_id ) VALUES ( 24, 'BHUBANESWAR ', 16 ); 
INSERT INTO test.headquarter( headquarter_id, headquarter_name, state_id ) VALUES ( 25, 'BALASORE ', 16 ); 
INSERT INTO test.headquarter( headquarter_id, headquarter_name, state_id ) VALUES ( 26, 'BARIPADA ', 16 ); 
INSERT INTO test.headquarter( headquarter_id, headquarter_name, state_id ) VALUES ( 27, 'BERHAMPUR', 16 ); 
INSERT INTO test.headquarter( headquarter_id, headquarter_name, state_id ) VALUES ( 28, 'BOLANGIR', 16 ); 
INSERT INTO test.headquarter( headquarter_id, headquarter_name, state_id ) VALUES ( 29, 'JEYPORE', 16 ); 
INSERT INTO test.headquarter( headquarter_id, headquarter_name, state_id ) VALUES ( 30, 'SAMBALPUR', 16 ); 
INSERT INTO test.headquarter( headquarter_id, headquarter_name, state_id ) VALUES ( 31, 'BARGARH', 16 ); 
INSERT INTO test.headquarter( headquarter_id, headquarter_name, state_id ) VALUES ( 32, 'ANGUL', 16 ); 
INSERT INTO test.headquarter( headquarter_id, headquarter_name, state_id ) VALUES ( 33, 'ROURKELA', 16 ); 
INSERT INTO test.headquarter( headquarter_id, headquarter_name, state_id ) VALUES ( 34, 'CUTTACK', 16 ); 
INSERT INTO test.headquarter( headquarter_id, headquarter_name, state_id ) VALUES ( 35, 'BHADRAK', 16 ); 
INSERT INTO test.headquarter( headquarter_id, headquarter_name, state_id ) VALUES ( 36, 'JAJPUR', 16 ); 
INSERT INTO test.headquarter( headquarter_id, headquarter_name, state_id ) VALUES ( 37, 'KOLKATA', 18 ); 
INSERT INTO test.headquarter( headquarter_id, headquarter_name, state_id ) VALUES ( 38, 'BARASAT', 18 ); 
INSERT INTO test.headquarter( headquarter_id, headquarter_name, state_id ) VALUES ( 39, 'KRISHNANAGAR', 18 ); 
INSERT INTO test.headquarter( headquarter_id, headquarter_name, state_id ) VALUES ( 40, 'KRISHNANAGAR POOL', 18 ); 
INSERT INTO test.headquarter( headquarter_id, headquarter_name, state_id ) VALUES ( 41, 'KALYANI', 18 ); 
INSERT INTO test.headquarter( headquarter_id, headquarter_name, state_id ) VALUES ( 42, 'BERHAMPUR', 18 ); 
INSERT INTO test.headquarter( headquarter_id, headquarter_name, state_id ) VALUES ( 43, 'HOOGLY SRIRAMPUR', 18 ); 
INSERT INTO test.headquarter( headquarter_id, headquarter_name, state_id ) VALUES ( 44, 'HOOGLY CHANDANAGAR', 18 ); 
INSERT INTO test.headquarter( headquarter_id, headquarter_name, state_id ) VALUES ( 45, 'MALDA', 18 ); 
INSERT INTO test.headquarter( headquarter_id, headquarter_name, state_id ) VALUES ( 46, 'SILIGURI', 18 ); 
INSERT INTO test.headquarter( headquarter_id, headquarter_name, state_id ) VALUES ( 47, 'COOCHBEHER', 18 ); 
INSERT INTO test.headquarter( headquarter_id, headquarter_name, state_id ) VALUES ( 48, 'AMTALA', 18 ); 
INSERT INTO test.headquarter( headquarter_id, headquarter_name, state_id ) VALUES ( 49, 'BURDWAN', 18 ); 
INSERT INTO test.headquarter( headquarter_id, headquarter_name, state_id ) VALUES ( 50, 'BANKURA', 18 ); 
INSERT INTO test.headquarter( headquarter_id, headquarter_name, state_id ) VALUES ( 51, 'HOWRAH', 18 ); 
INSERT INTO test.headquarter( headquarter_id, headquarter_name, state_id ) VALUES ( 52, 'CONTAI', 18 ); 
INSERT INTO test.headquarter( headquarter_id, headquarter_name, state_id ) VALUES ( 53, 'MIDNAPUR', 18 ); 
INSERT INTO test.headquarter( headquarter_id, headquarter_name, state_id ) VALUES ( 54, 'TAMLUK', 18 ); 
INSERT INTO test.headquarter( headquarter_id, headquarter_name, state_id ) VALUES ( 56, 'MADHUPUR', 15 ); 
INSERT INTO test.headquarter( headquarter_id, headquarter_name, state_id ) VALUES ( 58, 'NEW_GUWAHATI', 13 ); 
INSERT INTO test.division_state( division_state_id, division_id, state_id, headquarter_id ) VALUES ( 2, 1, 13, 54 ); 
INSERT INTO test.division_state( division_state_id, division_id, state_id, headquarter_id ) VALUES ( 3, 1, 15, 56 ); 
INSERT INTO test.division_state( division_state_id, division_id, state_id, headquarter_id ) VALUES ( 5, 1, 13, 58 ); 
INSERT INTO test.division_state( division_state_id, division_id, state_id, headquarter_id ) VALUES ( 6, 1, 13, 54 ); 
INSERT INTO test.division_state( division_state_id, division_id, state_id, headquarter_id ) VALUES ( 7, 1, 13, 54 ); 
INSERT INTO test.division_state( division_state_id, division_id, state_id, headquarter_id ) VALUES ( 8, 1, 13, 54 ); 
INSERT INTO test.division_state( division_state_id, division_id, state_id, headquarter_id ) VALUES ( 9, 1, 13, 54 ); 
INSERT INTO test.division_state( division_state_id, division_id, state_id, headquarter_id ) VALUES ( 10, 1, 13, 54 ); 
INSERT INTO test.doctor( doctor_id, doctor_name, doctor_speciality, division_state_id, doctor_qualification, doctor_ph, doctor_address ) VALUES ( 2, 'ESHWAR', 'ORTHO', 3, 'MBBS', '7744973660', 'BLOCK B, FLAT NO -716, A2A LIFE SPACES,BANAGAR,OPP BALANAGAR WATERTANK' ); 
INSERT INTO test.doctor( doctor_id, doctor_name, doctor_speciality, division_state_id, doctor_qualification, doctor_ph, doctor_address ) VALUES ( 3, 'DEVI', 'ORTHO', 3, 'MBBS', '7744973660', 'BLOCK B, FLAT NO -716, A2A LIFE SPACES,BANAGAR,OPP BALANAGAR WATERTANK' ); 
INSERT INTO test.doctor( doctor_id, doctor_name, doctor_speciality, division_state_id, doctor_qualification, doctor_ph, doctor_address ) VALUES ( 4, 'DR. ASSAM_GUWAHATI', 'ORTHO', 5, 'MBBS', '7744973660', 'BLOCK B, FLAT NO -716, A2A LIFE SPACES,BANAGAR,OPP BALANAGAR WATERTANK' ); 
INSERT INTO test.user_doctor( user_doctor_id, user_id, doctor_id ) VALUES ( 1, 1, 2 ); 
INSERT INTO test.user_doctor( user_doctor_id, user_id, doctor_id ) VALUES ( 2, 1, 3 ); 
INSERT INTO test.user_doctor( user_doctor_id, user_id, doctor_id ) VALUES ( 3, 12, 2 ); 
