INSERT INTO test.division( division_id, division_name ) VALUES ( 1, 'ORTHOCARE' ); 
INSERT INTO test.doctordetails( id, doctor_name, mr_name, mr_hq, asm_name, region, division, mode_of_disbursement, month, amount, sponsorship, avg_per_month_business_from doctor, avg_per_month_business ) VALUES ( 1, 'Eshwar', 'Nana', 'Hyd', 'Devi', 'Telangana', 'Ortho', 'Cheque', 'Jan', '100000', 'Yes', '2000', '5000' ); 
INSERT INTO test.hibernate_sequence( next_val ) VALUES ( 1 ); 
INSERT INTO test.hibernate_sequence( next_val ) VALUES ( 1 ); 
INSERT INTO test.location( id, region, state ) VALUES ( 1, '1', 'Jan' ); 
INSERT INTO test.location( id, region, state ) VALUES ( 2, '2', 'Feb' ); 
INSERT INTO test.location( id, region, state ) VALUES ( 3, '3', 'March' ); 
INSERT INTO test.location( id, region, state ) VALUES ( 4, '4', 'April' ); 
INSERT INTO test.location( id, region, state ) VALUES ( 5, '5', 'May' ); 
INSERT INTO test.location( id, region, state ) VALUES ( 6, '6', 'June' ); 
INSERT INTO test.location( id, region, state ) VALUES ( 7, '6', 'June' ); 
INSERT INTO test.login( id, password, username ) VALUES ( 1, 'eshwar123', 'eshwar' ); 
INSERT INTO test.login( id, password, username ) VALUES ( 8, 'eshwar123', 'eshwar' ); 
INSERT INTO test.login( id, password, username ) VALUES ( 9, 'eshwar123', 'eshwar' ); 
INSERT INTO test.login( id, password, username ) VALUES ( 10, 'Eswar123$', 'eshwar' ); 
INSERT INTO test.medicine( medicine_id, medicine_name, medicine_price ) VALUES ( 1, 'COMBIFLAM', 11.5 ); 
INSERT INTO test.medicine( medicine_id, medicine_name, medicine_price ) VALUES ( 2, 'DIGINE', 50.12 ); 
INSERT INTO test.medicine( medicine_id, medicine_name, medicine_price ) VALUES ( 3, 'DURCOLEX', 20.0 ); 
INSERT INTO test.medicine( medicine_id, medicine_name, medicine_price ) VALUES ( 4, 'SARADON', 16.78 ); 
INSERT INTO test.role( role_id, role_name, role_abbr ) VALUES ( 4, 'MEDICAL REPRESENTATIVE', 'MR' ); 
INSERT INTO test.role( role_id, role_name, role_abbr ) VALUES ( 5, 'TRAINEE MEDICAL REPRESENTATIVE', 'TMR' ); 
INSERT INTO test.role( role_id, role_name, role_abbr ) VALUES ( 6, 'ASSISTANT SALES MANAGER', 'ASM' ); 
INSERT INTO test.role( role_id, role_name, role_abbr ) VALUES ( 7, 'ADMINISTRATOR', 'ADMIN' ); 
INSERT INTO test.sponsorship( sponsorship_id, sponsorship_nature ) VALUES ( 2, 'CHEQUE' ); 
INSERT INTO test.sponsorship( sponsorship_id, sponsorship_nature ) VALUES ( 3, 'CASH' ); 
INSERT INTO test.state( state_id, state_name ) VALUES ( 13, 'ASSAM' ); 
INSERT INTO test.state( state_id, state_name ) VALUES ( 14, 'BIHAR' ); 
INSERT INTO test.state( state_id, state_name ) VALUES ( 15, 'JHARKHAND' ); 
INSERT INTO test.state( state_id, state_name ) VALUES ( 16, 'ORISSA' ); 
INSERT INTO test.state( state_id, state_name ) VALUES ( 17, 'UTTAR PRADESH' ); 
INSERT INTO test.state( state_id, state_name ) VALUES ( 18, 'WEST BENGAL' ); 
INSERT INTO test.`user`( user_id, role_id, username, password, division_id, state_id, headquarter_id, doctor_id, reporting_to ) VALUES ( 1, 4, 'eshwar', 'eshwar123', 1, 13, 4, 1, 1 ); 
INSERT INTO test.`user`( user_id, role_id, username, password, division_id, state_id, headquarter_id, doctor_id, reporting_to ) VALUES ( 6, 4, 'pillieshwar', 'a', 1, 3, 1, 2, 1 ); 
INSERT INTO test.`user`( user_id, role_id, username, password, division_id, state_id, headquarter_id, doctor_id, reporting_to ) VALUES ( 7, 4, 'eshwar', 'eshwar', 3, 3, 1, 1, 2 ); 
INSERT INTO test.`user`( user_id, role_id, username, password, division_id, state_id, headquarter_id, doctor_id, reporting_to ) VALUES ( 8, 4, 'eshwar', 'a', 1, 3, 1, 3, 2 ); 
INSERT INTO test.`user`( user_id, role_id, username, password, division_id, state_id, headquarter_id, doctor_id, reporting_to ) VALUES ( 9, 4, 'a', 'a', 1, 1, 2, 1, 1 ); 
INSERT INTO test.`user`( user_id, role_id, username, password, division_id, state_id, headquarter_id, doctor_id, reporting_to ) VALUES ( 10, 6, 'q', 'q', 1, 13, 4, 3, 1 ); 
INSERT INTO test.`user`( user_id, role_id, username, password, division_id, state_id, headquarter_id, doctor_id, reporting_to ) VALUES ( 12, 6, 'z', 'z', 1, 9999, 0, 1, 1 ); 
INSERT INTO test.`user`( user_id, role_id, username, password, division_id, state_id, headquarter_id, doctor_id, reporting_to ) VALUES ( 13, 7, 'admin', 'admin', 1, 9999, 0, 1, 1 ); 
INSERT INTO test.`user`( user_id, role_id, username, password, division_id, state_id, headquarter_id, doctor_id, reporting_to ) VALUES ( 14, 4, 'q', 'qwe', 1, 15, 56, 1, 1 ); 
INSERT INTO test.`user`( user_id, role_id, username, password, division_id, state_id, headquarter_id, doctor_id, reporting_to ) VALUES ( 15, 4, 'ranchi', 'ranchi', 1, 15, 76, 1, 1 ); 
INSERT INTO test.`user`( user_id, role_id, username, password, division_id, state_id, headquarter_id, doctor_id, reporting_to ) VALUES ( 16, 4, 'deoghar', 'deoghar', 1, 15, 78, 2, 2 ); 
INSERT INTO test.headquarter( headquarter_id, headquarter_name, state_id ) VALUES ( 54, 'TAMLUK', 18 ); 
INSERT INTO test.headquarter( headquarter_id, headquarter_name, state_id ) VALUES ( 56, 'MADHUPUR', 15 ); 
INSERT INTO test.headquarter( headquarter_id, headquarter_name, state_id ) VALUES ( 58, 'NEW_GUWAHATI', 13 ); 
INSERT INTO test.headquarter( headquarter_id, headquarter_name, state_id ) VALUES ( 59, 'GUWAHATI', 13 ); 
INSERT INTO test.headquarter( headquarter_id, headquarter_name, state_id ) VALUES ( 60, 'NALBARI', 13 ); 
INSERT INTO test.headquarter( headquarter_id, headquarter_name, state_id ) VALUES ( 61, 'BONGAIGAON', 13 ); 
INSERT INTO test.headquarter( headquarter_id, headquarter_name, state_id ) VALUES ( 62, 'SILCHAR', 13 ); 
INSERT INTO test.headquarter( headquarter_id, headquarter_name, state_id ) VALUES ( 63, 'AGARTALA', 13 ); 
INSERT INTO test.headquarter( headquarter_id, headquarter_name, state_id ) VALUES ( 64, 'AIZWAL', 13 ); 
INSERT INTO test.headquarter( headquarter_id, headquarter_name, state_id ) VALUES ( 65, 'DIBRUGARH', 13 ); 
INSERT INTO test.headquarter( headquarter_id, headquarter_name, state_id ) VALUES ( 66, 'JORHAT', 13 ); 
INSERT INTO test.headquarter( headquarter_id, headquarter_name, state_id ) VALUES ( 67, 'LAKHIMPUR', 13 ); 
INSERT INTO test.headquarter( headquarter_id, headquarter_name, state_id ) VALUES ( 68, 'KOLKATA', 18 ); 
INSERT INTO test.headquarter( headquarter_id, headquarter_name, state_id ) VALUES ( 69, 'KRISHNANAGAR', 18 ); 
INSERT INTO test.headquarter( headquarter_id, headquarter_name, state_id ) VALUES ( 70, 'KALYANI', 18 ); 
INSERT INTO test.headquarter( headquarter_id, headquarter_name, state_id ) VALUES ( 71, 'SILIGURI', 18 ); 
INSERT INTO test.headquarter( headquarter_id, headquarter_name, state_id ) VALUES ( 72, 'COOCHBEHER', 18 ); 
INSERT INTO test.headquarter( headquarter_id, headquarter_name, state_id ) VALUES ( 73, 'HOWRAH', 18 ); 
INSERT INTO test.headquarter( headquarter_id, headquarter_name, state_id ) VALUES ( 74, 'MIDNAPUR', 18 ); 
INSERT INTO test.headquarter( headquarter_id, headquarter_name, state_id ) VALUES ( 75, 'BURDWAN', 18 ); 
INSERT INTO test.headquarter( headquarter_id, headquarter_name, state_id ) VALUES ( 76, 'RANCHI', 15 ); 
INSERT INTO test.headquarter( headquarter_id, headquarter_name, state_id ) VALUES ( 77, 'DTG', 15 ); 
INSERT INTO test.headquarter( headquarter_id, headquarter_name, state_id ) VALUES ( 78, 'DEOGHAR', 15 ); 
INSERT INTO test.headquarter( headquarter_id, headquarter_name, state_id ) VALUES ( 79, 'DALTONGANJ', 15 ); 
INSERT INTO test.headquarter( headquarter_id, headquarter_name, state_id ) VALUES ( 80, 'IMPHAL', 13 ); 
INSERT INTO test.headquarter( headquarter_id, headquarter_name, state_id ) VALUES ( 81, 'DIMAPUR', 13 ); 
INSERT INTO test.headquarter( headquarter_id, headquarter_name, state_id ) VALUES ( 82, 'TEZPUR', 13 ); 
INSERT INTO test.headquarter( headquarter_id, headquarter_name, state_id ) VALUES ( 83, 'NAGAON', 13 ); 
INSERT INTO test.division_state( division_state_id, division_id, state_id, headquarter_id ) VALUES ( 2, 1, 13, 54 ); 
INSERT INTO test.division_state( division_state_id, division_id, state_id, headquarter_id ) VALUES ( 3, 1, 15, 56 ); 
INSERT INTO test.division_state( division_state_id, division_id, state_id, headquarter_id ) VALUES ( 5, 1, 13, 58 ); 
INSERT INTO test.division_state( division_state_id, division_id, state_id, headquarter_id ) VALUES ( 12, 1, 13, 59 ); 
INSERT INTO test.division_state( division_state_id, division_id, state_id, headquarter_id ) VALUES ( 13, 1, 13, 60 ); 
INSERT INTO test.division_state( division_state_id, division_id, state_id, headquarter_id ) VALUES ( 14, 1, 13, 61 ); 
INSERT INTO test.division_state( division_state_id, division_id, state_id, headquarter_id ) VALUES ( 15, 1, 13, 62 ); 
INSERT INTO test.division_state( division_state_id, division_id, state_id, headquarter_id ) VALUES ( 16, 1, 13, 63 ); 
INSERT INTO test.division_state( division_state_id, division_id, state_id, headquarter_id ) VALUES ( 17, 1, 13, 64 ); 
INSERT INTO test.division_state( division_state_id, division_id, state_id, headquarter_id ) VALUES ( 18, 1, 13, 65 ); 
INSERT INTO test.division_state( division_state_id, division_id, state_id, headquarter_id ) VALUES ( 19, 1, 13, 66 ); 
INSERT INTO test.division_state( division_state_id, division_id, state_id, headquarter_id ) VALUES ( 20, 1, 13, 67 ); 
INSERT INTO test.division_state( division_state_id, division_id, state_id, headquarter_id ) VALUES ( 21, 1, 18, 68 ); 
INSERT INTO test.division_state( division_state_id, division_id, state_id, headquarter_id ) VALUES ( 22, 1, 18, 69 ); 
INSERT INTO test.division_state( division_state_id, division_id, state_id, headquarter_id ) VALUES ( 23, 1, 18, 70 ); 
INSERT INTO test.division_state( division_state_id, division_id, state_id, headquarter_id ) VALUES ( 24, 1, 18, 71 ); 
INSERT INTO test.division_state( division_state_id, division_id, state_id, headquarter_id ) VALUES ( 25, 1, 18, 72 ); 
INSERT INTO test.division_state( division_state_id, division_id, state_id, headquarter_id ) VALUES ( 26, 1, 18, 73 ); 
INSERT INTO test.division_state( division_state_id, division_id, state_id, headquarter_id ) VALUES ( 27, 1, 18, 74 ); 
INSERT INTO test.division_state( division_state_id, division_id, state_id, headquarter_id ) VALUES ( 28, 1, 18, 75 ); 
INSERT INTO test.division_state( division_state_id, division_id, state_id, headquarter_id ) VALUES ( 29, 1, 15, 76 ); 
INSERT INTO test.division_state( division_state_id, division_id, state_id, headquarter_id ) VALUES ( 30, 1, 15, 77 ); 
INSERT INTO test.division_state( division_state_id, division_id, state_id, headquarter_id ) VALUES ( 31, 1, 15, 78 ); 
INSERT INTO test.division_state( division_state_id, division_id, state_id, headquarter_id ) VALUES ( 32, 1, 15, 79 ); 
INSERT INTO test.division_state( division_state_id, division_id, state_id, headquarter_id ) VALUES ( 33, 1, 13, 80 ); 
INSERT INTO test.division_state( division_state_id, division_id, state_id, headquarter_id ) VALUES ( 34, 1, 13, 81 ); 
INSERT INTO test.division_state( division_state_id, division_id, state_id, headquarter_id ) VALUES ( 35, 1, 13, 82 ); 
INSERT INTO test.division_state( division_state_id, division_id, state_id, headquarter_id ) VALUES ( 36, 1, 13, 83 ); 
INSERT INTO test.doctor( doctor_id, doctor_name, doctor_speciality, division_state_id, doctor_qualification, doctor_ph, doctor_address ) VALUES ( 2, 'ESHWAR', 'ORTHO', 3, 'MBBS', '7744973660', 'BLOCK B, FLAT NO -716, A2A LIFE SPACES,BANAGAR,OPP BALANAGAR WATERTANK' ); 
INSERT INTO test.doctor( doctor_id, doctor_name, doctor_speciality, division_state_id, doctor_qualification, doctor_ph, doctor_address ) VALUES ( 3, 'DEVI', 'ORTHO', 3, 'MBBS', '7744973660', 'BLOCK B, FLAT NO -716, A2A LIFE SPACES,BANAGAR,OPP BALANAGAR WATERTANK' ); 
INSERT INTO test.doctor( doctor_id, doctor_name, doctor_speciality, division_state_id, doctor_qualification, doctor_ph, doctor_address ) VALUES ( 4, 'DR. ASSAM_GUWAHATI', 'ORTHO', 5, 'MBBS', '7744973660', 'BLOCK B, FLAT NO -716, A2A LIFE SPACES,BANAGAR,OPP BALANAGAR WATERTANK' ); 
INSERT INTO test.doctor( doctor_id, doctor_name, doctor_speciality, division_state_id, doctor_qualification, doctor_ph, doctor_address ) VALUES ( 5, 'DR. ASSAM', 'ORTHO', 12, 'MBBS', '7744973660', 'BLOCK B, FLAT NO -716, A2A LIFE SPACES,BANAGAR,OPP BALANAGAR WATERTANK' ); 
INSERT INTO test.doctor( doctor_id, doctor_name, doctor_speciality, division_state_id, doctor_qualification, doctor_ph, doctor_address ) VALUES ( 6, 'DR. NAGAON', 'ORTHO', 36, 'MBBS', '7744973660', 'BLOCK B, FLAT NO -716, A2A LIFE SPACES,BANAGAR,OPP BALANAGAR WATERTANK' ); 
INSERT INTO test.doctor( doctor_id, doctor_name, doctor_speciality, division_state_id, doctor_qualification, doctor_ph, doctor_address ) VALUES ( 7, 'DR. RANCHI', 'ORTHO', 29, 'MBBS', '7744973660', 'BLOCK B, FLAT NO -716, A2A LIFE SPACES,BANAGAR,OPP BALANAGAR WATERTANK' ); 
INSERT INTO test.doctor( doctor_id, doctor_name, doctor_speciality, division_state_id, doctor_qualification, doctor_ph, doctor_address ) VALUES ( 8, 'DR. DEOGHAR', 'ORTHO', 31, 'MBBS', '7744973660', 'BLOCK B, FLAT NO -716, A2A LIFE SPACES,BANAGAR,OPP BALANAGAR WATERTANK' ); 
INSERT INTO test.doctor_medicine( doctor_medicine_id, doctor_id, medicine_id ) VALUES ( 1, 2, 2 ); 
INSERT INTO test.doctor_medicine( doctor_medicine_id, doctor_id, medicine_id ) VALUES ( 2, 2, 3 ); 
INSERT INTO test.doctor_medicine( doctor_medicine_id, doctor_id, medicine_id ) VALUES ( 3, 2, 1 ); 
INSERT INTO test.doctor_medicine( doctor_medicine_id, doctor_id, medicine_id ) VALUES ( 4, 3, 2 ); 
INSERT INTO test.doctor_medicine( doctor_medicine_id, doctor_id, medicine_id ) VALUES ( 5, 3, 4 ); 
INSERT INTO test.doctor_medicine( doctor_medicine_id, doctor_id, medicine_id ) VALUES ( 6, 4, 1 ); 
INSERT INTO test.doctor_medicine( doctor_medicine_id, doctor_id, medicine_id ) VALUES ( 7, 7, 3 ); 
INSERT INTO test.doctor_medicine( doctor_medicine_id, doctor_id, medicine_id ) VALUES ( 8, 8, 4 ); 
INSERT INTO test.doctor_sale( doctor_sale_id, doctor_medicine_id, sponsorship_id, year, jan_sale, feb_sale, mar_sale, apr_sale, may_sale, jun_sale, jul_sale, aug_sale, sep_sale, oct_sale, nov_sale, dec_sale, jan_entered, feb_entered, mar_entered, apr_entered, may_entered, jun_entered, jul_entered, aug_entered, sep_entered, oct_entered, nov_entered, dec_entered ) VALUES ( 1, 1, 3, '2020', 501.2, 1.0, 10.0, 1.0, null, null, 2634.81, null, null, null, null, null, null, null, null, 100.0, null, null, 98621.0, null, null, null, null, null ); 
INSERT INTO test.doctor_sale( doctor_sale_id, doctor_medicine_id, sponsorship_id, year, jan_sale, feb_sale, mar_sale, apr_sale, may_sale, jun_sale, jul_sale, aug_sale, sep_sale, oct_sale, nov_sale, dec_sale, jan_entered, feb_entered, mar_entered, apr_entered, may_entered, jun_entered, jul_entered, aug_entered, sep_entered, oct_entered, nov_entered, dec_entered ) VALUES ( 2, 3, 3, '2020', null, 115.0, null, 57.5, null, 575.0, null, null, null, null, null, null, null, null, null, 1000.0, null, 4800.0, null, null, null, null, null, null ); 
INSERT INTO test.doctor_sale( doctor_sale_id, doctor_medicine_id, sponsorship_id, year, jan_sale, feb_sale, mar_sale, apr_sale, may_sale, jun_sale, jul_sale, aug_sale, sep_sale, oct_sale, nov_sale, dec_sale, jan_entered, feb_entered, mar_entered, apr_entered, may_entered, jun_entered, jul_entered, aug_entered, sep_entered, oct_entered, nov_entered, dec_entered ) VALUES ( 3, 4, 3, '2020', 3007.2, 3508.4, 4510.8, 2004.8, 5012.0, null, null, null, null, null, null, null, 500.0, 600.0, 900.0, 400.0, 1000.0, null, null, null, null, null, null, null ); 
INSERT INTO test.doctor_sale( doctor_sale_id, doctor_medicine_id, sponsorship_id, year, jan_sale, feb_sale, mar_sale, apr_sale, may_sale, jun_sale, jul_sale, aug_sale, sep_sale, oct_sale, nov_sale, dec_sale, jan_entered, feb_entered, mar_entered, apr_entered, may_entered, jun_entered, jul_entered, aug_entered, sep_entered, oct_entered, nov_entered, dec_entered ) VALUES ( 4, 5, 3, '2020', 335.6, 4195.0, 7551.0, 8390.0, 5034.0, null, null, null, null, null, null, null, 200.0, 2500.0, 4500.0, 5000.0, 3000.0, null, null, null, null, null, null, null ); 
INSERT INTO test.doctor_sale( doctor_sale_id, doctor_medicine_id, sponsorship_id, year, jan_sale, feb_sale, mar_sale, apr_sale, may_sale, jun_sale, jul_sale, aug_sale, sep_sale, oct_sale, nov_sale, dec_sale, jan_entered, feb_entered, mar_entered, apr_entered, may_entered, jun_entered, jul_entered, aug_entered, sep_entered, oct_entered, nov_entered, dec_entered ) VALUES ( 5, 7, 3, '2020', 2000.0, 3000.0, null, null, null, null, null, null, null, null, null, null, 1000.0, 1500.0, null, null, null, null, null, null, null, null, null, null ); 
INSERT INTO test.doctor_sale( doctor_sale_id, doctor_medicine_id, sponsorship_id, year, jan_sale, feb_sale, mar_sale, apr_sale, may_sale, jun_sale, jul_sale, aug_sale, sep_sale, oct_sale, nov_sale, dec_sale, jan_entered, feb_entered, mar_entered, apr_entered, may_entered, jun_entered, jul_entered, aug_entered, sep_entered, oct_entered, nov_entered, dec_entered ) VALUES ( 6, 8, 3, '2020', 1678.0, 2517.0, null, null, null, null, null, null, null, null, null, null, 1000.0, 1500.0, null, null, null, null, null, null, null, null, null, null ); 
INSERT INTO test.user_doctor( user_doctor_id, user_id, doctor_id ) VALUES ( 1, 1, 2 ); 
INSERT INTO test.user_doctor( user_doctor_id, user_id, doctor_id ) VALUES ( 2, 1, 3 ); 
INSERT INTO test.user_doctor( user_doctor_id, user_id, doctor_id ) VALUES ( 3, 12, 2 ); 
INSERT INTO test.user_doctor( user_doctor_id, user_id, doctor_id ) VALUES ( 4, 14, 2 ); 
INSERT INTO test.user_doctor( user_doctor_id, user_id, doctor_id ) VALUES ( 5, 15, 7 ); 
INSERT INTO test.user_doctor( user_doctor_id, user_id, doctor_id ) VALUES ( 6, 16, 8 ); 
